Country,Title,Link
Australia,AI-based bone fracture detection and classification (PhD Scholarship),https://scholarshipdb.net/scholarships-in-Australia/Ai-Based-Bone-Fracture-Detection-And-Classification-Ph-D-Scholarship-Queensland-University-Of-Technology=9tbhyLyt7BGUYQAlkGUTnw.html
Australia,Embedded Intelligence – Deep Learning Algorithms and Architectures for Efficient Hardware Implementation PhD Scholarship,https://scholarshipdb.net/scholarships-in-Australia/Embedded-Intelligence-Deep-Learning-Algorithms-And-Architectures-For-Efficient-Hardware-Implementation-Ph-D-Scholarship-University-Of-The-Sunshine-Coast=bycnUriD7BGUYAAlkGUTnw.html
Australia,Grant-Funded Researcher (A) - Machine Vision,https://scholarshipdb.net/scholarships-in-Australia/Grant-Funded-Researcher-A-Machine-Vision-University-Of-Adelaide=b9CHoQ_37BGUYQAlkGUTnw.html
Australia,"Grant-Funded Researcher (A), Machine Vision",https://scholarshipdb.net/scholarships-in-Australia/Grant-Funded-Researcher-A-Machine-Vision-University-Of-Adelaide=yWW_uvq47BGUYQAlkGUTnw.html
Australia,PhD Scholarship in Automated Decision-Making and Information Retrieval,https://scholarshipdb.net/scholarships-in-Australia/Ph-D-Scholarship-In-Automated-Decision-Making-And-Information-Retrieval-Rmit-University=wkWBqSy77BGUYQAlkGUTnw.html
Australia,PhD Scholarship in Automated Decision-Making and Machine Learning,https://scholarshipdb.net/scholarships-in-Australia/Ph-D-Scholarship-In-Automated-Decision-Making-And-Machine-Learning-Rmit-University=kWxBmiy77BGUYQAlkGUTnw.html
Australia,PhD Scholarship in Computer Vision for Medical Imaging,https://scholarshipdb.net/scholarships-in-Australia/Ph-D-Scholarship-In-Computer-Vision-For-Medical-Imaging-Rmit-University=kEc3fjuk7BGUYAAlkGUTnw.html
Australia,PhD Scholarship in Systems for Automated Decision-Making,https://scholarshipdb.net/scholarships-in-Australia/Ph-D-Scholarship-In-Systems-For-Automated-Decision-Making-Rmit-University=KcJvvCy77BGUYQAlkGUTnw.html
Australia,PhD Scholarships in Automated Decision-Making,https://scholarshipdb.net/scholarships-in-Australia/Ph-D-Scholarships-In-Automated-Decision-Making-Rmit-University=XT9ZPiu77BGUYQAlkGUTnw.html
Australia,PhD scholarship: Machine Learning in Airport X-Ray Baggage Inspection,https://scholarshipdb.net/scholarships-in-Australia/Ph-D-Scholarship-Machine-Learning-In-Airport-X-Ray-Baggage-Inspection-Flinders-University=iDDRI0wXq3vcio75YDgbec.html
Australia,QUT-CSIRO PhD Scholarship in Deep Learning for Hyperspectral Image Classification,https://scholarshipdb.net/scholarships-in-Australia/Qut-Csiro-Ph-D-Scholarship-In-Deep-Learning-For-Hyperspectral-Image-Classification-Queensland-University-Of-Technology=Eq3qYYyu7BGUYQAlkGUTnw.html
Belgium,PhD Student - Department of Information Technology,https://scholarshipdb.net/scholarships-in-Belgium/Ph-D-Student-Department-Of-Information-Technology-Ghent-University=robqm0yk7BGUYAAlkGUTnw.html
Belgium,Three PhD Positions in Process Analytics,https://scholarshipdb.net/scholarships-in-Belgium/Three-Ph-D-Positions-In-Process-Analytics-Ku-Leuven=qcjntjqL7BGUYAAlkGUTnw.html
Denmark,PhD Stipend in Self-Supervised Learning for Decoding of Complex Signals (8-22010),https://scholarshipdb.net/scholarships-in-Denmark/Ph-D-Stipend-In-Self-Supervised-Learning-For-Decoding-Of-Complex-Signals-8-22010-Aalborg-University=cu3L9oSs7BGUYQAlkGUTnw.html
France,PhD Position F/M L∪M_INTERMOD: Cross-cognitive and trans-cognitive modelling of multimodal  biomarkers with artificial intelligence methods. Application to the unified language- union-memory framework (L∪M),https://scholarshipdb.net/scholarships-in-France/Ph-D-Position-F-M-L-M-Intermod-Cross-Cognitive-And-Trans-Cognitive-Modelling-Of-Multimodal-Biomarkers-With-Artificial-Intelligence-Methods-Application-To-The-Unified-Language-Union-Memory-Framework-L-M-Inria=pTp4q4bC7BGUYQAlkGUTnw.html
France,PhD Position F/M Numerical methods using graphs neural networks for the analyses of interactions of cells,https://scholarshipdb.net/scholarships-in-France/Ph-D-Position-F-M-Numerical-Methods-Using-Graphs-Neural-Networks-For-The-Analyses-Of-Interactions-Of-Cells-Inria=sidqnobC7BGUYQAlkGUTnw.html
France,PhD Position F/M [DOCT2022-COMPO-EPIONE] Optimizing sequential treatment in head and neck squamous cell carcinoma (HNSCC): artificial intelligence based on real-life patient data to support medical decision-making,https://scholarshipdb.net/scholarships-in-France/Ph-D-Position-F-M-Doct2022-Compo-Epione-Optimizing-Sequential-Treatment-In-Head-And-Neck-Squamous-Cell-Carcinoma-Hnscc-Artificial-Intelligence-Based-On-Real-Life-Patient-Data-To-Support-Medical-Decision-Making-Inria=a5gqDv677BGUYQAlkGUTnw.html
France,PhD in Astrophysics,https://scholarshipdb.net/scholarships-in-France/Ph-D-In-Astrophysics-University-Of-Bordeaux=sjeG4ILG7BGUYQAlkGUTnw.html
France,PhD in fluid mechanics. Turbulent convection: numerical modelling and physics-enhanced machine...,https://scholarshipdb.net/scholarships-in-France/Ph-D-In-Fluid-Mechanics-Turbulent-Convection-Numerical-Modelling-And-Physics-Enhanced-Machine-Universit-Paris-Saclay=HPwl8qO77BGUYQAlkGUTnw.html
France,"PhD position at University of Caen, CNRS GREYC Laboratory on Frugal AI for image segmentation",https://scholarshipdb.net/scholarships-in-France/Ph-D-Position-At-University-Of-Caen-Cnrs-Greyc-Laboratory-On-Frugal-Ai-For-Image-Segmentation-Universit-De-Caen-Normandie=Qjw8PLSq7BGUYAAlkGUTnw.html
Germany,Doctoral or Postdoctoral Positions in the Machine Learning and Information Processing Group at TUM,https://scholarshipdb.net/scholarships-in-Germany/Doctoral-Or-Postdoctoral-Positions-In-The-Machine-Learning-And-Information-Processing-Group-At-Tum-Technical-University-Of-Munich=sighLY607BGUYQAlkGUTnw.html
Germany,Doctoral positions,https://scholarshipdb.net/scholarships-in-Germany/Doctoral-Positions-Technische-Universit-t-M-nchen=p5oIVYfA7BGUYQAlkGUTnw.html
Germany,PhD Position - Application of Machine Learning to Ranking Exhaustive Enumerations of Molecular...,https://scholarshipdb.net/scholarships-in-Germany/Ph-D-Position-Application-Of-Machine-Learning-To-Ranking-Exhaustive-Enumerations-Of-Molecular-J-lich-Research-Centre-Fzj=OxU5Emm97BGUYQAlkGUTnw.html
Germany,PhD Position – Computational quantum many-body physics,https://scholarshipdb.net/scholarships-in-Germany/Ph-D-Position-Computational-Quantum-Many-Body-Physics-J-lich-Research-Centre-Fzj=BVnuwB7J7BGUYQAlkGUTnw.html
Germany,PhD Student (m/f/d),https://scholarshipdb.net/scholarships-in-Germany/Ph-D-Student-M-F-D-Katholische-Universit-t-Eichst-tt-Ingolstadt=2Gz8V4qZ7BGUYAAlkGUTnw.html
Germany,PhD in genomic surveillance of airborne pathogens (f/m/x),https://scholarshipdb.net/scholarships-in-Germany/Ph-D-In-Genomic-Surveillance-Of-Airborne-Pathogens-F-M-X-Helmholtz-Munich=yEXgsx7J7BGUYQAlkGUTnw.html
Germany,PhD student (m/f/d),https://scholarshipdb.net/scholarships-in-Germany/Ph-D-Student-M-F-D-Leibniz=WwTYTBag7BGUYAAlkGUTnw.html
Germany,PhD student in Bioinformatics or Computational Biology,https://scholarshipdb.net/scholarships-in-Germany/Ph-D-Student-In-Bioinformatics-Or-Computational-Biology-Leibniz-Institute-Of-Plant-Biochemistry=Qh65xL6g7BGUYAAlkGUTnw.html
Germany,PhD/Postdoc in High Performance Machine Learning (m/f/d),https://scholarshipdb.net/scholarships-in-Germany/Ph-D-Postdoc-In-High-Performance-Machine-Learning-M-F-D-Friedrich-Schiller-University-Jena=l9PetZml7BGUYAAlkGUTnw.html
Germany,Postdoc (optionally PhD) candidate in deep learning for analysis of bioimage data,https://scholarshipdb.net/scholarships-in-Germany/Postdoc-Optionally-Ph-D-Candidate-In-Deep-Learning-For-Analysis-Of-Bioimage-Data-Center-For-Molecular-Medicine-Cologne=yGuIEY8esd1vucD9GufZw7.html
Germany,Postdoc (optionally PhD) candidate in deep learning for analysis of bioimage data,https://scholarshipdb.net/scholarships-in-Germany/Postdoc-Optionally-Ph-D-Candidate-In-Deep-Learning-For-Analysis-Of-Bioimage-Data-Data-Science-Of-Bioimages=UT4v_KWh7BGUYAAlkGUTnw.html
Germany,"Student Research Assistant(s) (m/f/d, approx. 40h/month)",https://scholarshipdb.net/jobs-in-Germany/Student-Research-Assistant-S-M-F-D-Approx-40h-Month-University-Of-T-bingen=U0K82XCO7BGUYAAlkGUTnw.html
Ireland,Fully Funded Research Masters Student Position in Deep Learning for Biomedical Applications,https://www.findaphd.com/phds/project/fully-funded-research-masters-student-position-in-deep-learning-for-biomedical-applications/?p144295
Ireland,Using Machine Learning Techniques to Detect Emotional Traits and Mathematics Anxiety Levels From Game Data,https://www.findaphd.com/phds/project/using-machine-learning-techniques-to-detect-emotional-traits-and-mathematics-anxiety-levels-from-game-data/?p136342
Luxembourg,Doctoral Candidate (PhD student) in Applied Artificial Intelligence and Machine Learning for...,https://scholarshipdb.net/scholarships-in-Luxembourg/Doctoral-Candidate-Ph-D-Student-In-Applied-Artificial-Intelligence-And-Machine-Learning-For-University-Of-Luxembourg=8CS5Ln3K7BGUYQAlkGUTnw.html
Luxembourg,Doctoral Candidate (PhD student) in Applied Artificial Intelligence and Machine Learning for...,https://scholarshipdb.net/scholarships-in-Luxembourg/Doctoral-Candidate-Ph-D-Student-In-Applied-Artificial-Intelligence-And-Machine-Learning-For-University-Of-Luxembourg=_Cv0Gw687BGUYQAlkGUTnw.html
Luxembourg,PhD Candidates / Spontaneous Applications,https://scholarshipdb.net/scholarships-in-Luxembourg/Ph-D-Candidates-Spontaneous-Applications-University-Of-Luxembourg=pA-3oPyr7BGUYQAlkGUTnw.html
Luxembourg,Research Associates / Spontaneous Applications,https://scholarshipdb.net/jobs-in-Luxembourg/Research-Associates-Spontaneous-Applications-University-Of-Luxembourg=aUSLevyr7BGUYQAlkGUTnw.html
Netherlands,3 PhD Positions in Computer Vision,https://scholarshipdb.net/scholarships-in-Netherlands/3-Ph-D-Positions-In-Computer-Vision-University-Of-Amsterdam-Uv-A=ISU1Hjyh7BGUYAAlkGUTnw.html
Netherlands,3 PhD Positions in Computer Vision,https://scholarshipdb.net/scholarships-in-Netherlands/3-Ph-D-Positions-In-Computer-Vision-University-Of-Amsterdam=f8ab23Kg7BGUYAAlkGUTnw.html
Netherlands,5-year PhD position in Automated Detection and Synthesis of Facial Actions (1.0 FTE),https://scholarshipdb.net/scholarships-in-Netherlands/5-Year-Ph-D-Position-In-Automated-Detection-And-Synthesis-Of-Facial-Actions-1-0-Fte-Utrecht-University=Q1VBe2HL7BGUYQAlkGUTnw.html
Netherlands,BIOLab PhD Position 4/4 Deep learning and smart super-resolution microscopy,https://scholarshipdb.net/scholarships-in-Netherlands/Bio-Lab-Ph-D-Position-4-4-Deep-Learning-And-Smart-Super-Resolution-Microscopy-Delft-University-Of-Technology=-HOXaQKp7BGUYAAlkGUTnw.html
Netherlands,Multiple PhD Positions in Machine Learning,https://scholarshipdb.net/scholarships-in-Netherlands/Multiple-Ph-D-Positions-In-Machine-Learning-University-Of-Amsterdam-Uv-A=MyVO_xPM7BGUYQAlkGUTnw.html
Netherlands,Multiple PhD Positions in Machine Learning,https://scholarshipdb.net/scholarships-in-Netherlands/Multiple-Ph-D-Positions-In-Machine-Learning-University-Of-Amsterdam=fH2cjsnL7BGUYQAlkGUTnw.html
Netherlands,PDEng student on Deep learning to detect bitmap artefacts,https://scholarshipdb.net/scholarships-in-Netherlands/Pd-Eng-Student-On-Deep-Learning-To-Detect-Bitmap-Artefacts-Eindhoven-University-Of-Technology-Tu-E=LH7fuPi17BGUYQAlkGUTnw.html
Netherlands,PDEng student on Deep learning to detect bitmap artefacts,https://scholarshipdb.net/scholarships-in-Netherlands/Pd-Eng-Student-On-Deep-Learning-To-Detect-Bitmap-Artefacts-Eindhoven-University-Of-Technology=5wwaEt_17BGUYQAlkGUTnw.html
Netherlands,PhD Candidate in Conversational Artificial Intelligence for Business,https://scholarshipdb.net/scholarships-in-Netherlands/Ph-D-Candidate-In-Conversational-Artificial-Intelligence-For-Business-University-Of-Amsterdam=uwaBAJbL7BGUYQAlkGUTnw.html
Netherlands,PhD Candidate: Interpretable Information Extraction for Disaster Relief (1.0 FTE),https://scholarshipdb.net/scholarships-in-Netherlands/Ph-D-Candidate-Interpretable-Information-Extraction-For-Disaster-Relief-1-0-Fte-Radboud-University=xc6rfqWr7BGUYQAlkGUTnw.html
Netherlands,PhD Position in Computer Vision for Film Analysis and Production,https://scholarshipdb.net/scholarships-in-Netherlands/Ph-D-Position-In-Computer-Vision-For-Film-Analysis-And-Production-University-Of-Amsterdam=gl6jTsnL7BGUYQAlkGUTnw.html
Netherlands,PhD Position in Conversational Search and Recommendation,https://scholarshipdb.net/scholarships-in-Netherlands/Ph-D-Position-In-Conversational-Search-And-Recommendation-University-Of-Amsterdam=qA-98oy57BGUYQAlkGUTnw.html
Netherlands,PhD Position in Machine Learning,https://scholarshipdb.net/scholarships-in-Netherlands/Ph-D-Position-In-Machine-Learning-University-Of-Amsterdam-Uv-A=vGUlEsKb7BGUYAAlkGUTnw.html
Netherlands,PhD candidate 'Machine learning for digital biomarkers of Parkinson’s disease',https://scholarshipdb.net/scholarships-in-Netherlands/Ph-D-Candidate-Machine-Learning-For-Digital-Biomarkers-Of-Parkinson-s-Disease-Radboud-University-Medical-Center-Radboudumc=8eiW1GaQ7BGUYAAlkGUTnw.html
Norway,PhD Candidate in Deep Learning for Face Image Quality Metrics,https://scholarshipdb.net/scholarships-in-Norway/Ph-D-Candidate-In-Deep-Learning-For-Face-Image-Quality-Metrics-Ntnu-Norwegian-University-Of-Science-And-Technology=s24aWqrQ7BGUYQAlkGUTnw.html
Norway,PhD Candidate on Video Quality Assessment and Enhancement for Medical Services,https://scholarshipdb.net/scholarships-in-Norway/Ph-D-Candidate-On-Video-Quality-Assessment-And-Enhancement-For-Medical-Services-Ntnu=xDx_qLHK7BGUYQAlkGUTnw.html
Norway,PhD Candidate on Video Quality Assessment and Enhancement for Medical Services,https://scholarshipdb.net/scholarships-in-Norway/Ph-D-Candidate-On-Video-Quality-Assessment-And-Enhancement-For-Medical-Services-Ntnu-Norwegian-University-Of-Science-And-Technology=4XS4Ke3K7BGUYQAlkGUTnw.html
Norway,PhD Fellow in Computer Science - Efficient distributed machine learning,https://scholarshipdb.net/scholarships-in-Norway/Ph-D-Fellow-In-Computer-Science-Efficient-Distributed-Machine-Learning-Ui-T-The-Arctic-University-Of-Norway=Rflp9F7L7BGUYQAlkGUTnw.html
Norway,PhD position within machine learning for Zero-Shot Learning using Multimodal Sensors (ZSL++),https://scholarshipdb.net/scholarships-in-Norway/Ph-D-Position-Within-Machine-Learning-For-Zero-Shot-Learning-Using-Multimodal-Sensors-Zsl-Norwegian-University-Of-Life-Sciences-Nmbu=Hawahl_v7BGUYQAlkGUTnw.html
Poland,Research Junior,https://scholarshipdb.net/jobs-in-Poland/Research-Junior-Jagiellonian-University=UgI6fKW37BGUYQAlkGUTnw.html
Portugal,International Selection Procedure for Hiring a PhD Researcher - Notice no. 7740/2022,https://scholarshipdb.net/scholarships-in-Portugal/International-Selection-Procedure-For-Hiring-A-Ph-D-Researcher-Notice-No-7740-2022-Instituto-De-Geografia-E-Ordenamento-Do-Territ-rio-Da-Universidade-De-Lisboa=NPzs5WvB7BGUYQAlkGUTnw.html
Spain,Doctoral Researcher in mathematical analyis & numerical analysis for models in machine learning,https://scholarshipdb.net/scholarships-in-Spain/Doctoral-Researcher-In-Mathematical-Analyis-Numerical-Analysis-For-Models-In-Machine-Learning-Technische-Universit-t-M-nchen=zi4fjkvA7BGUYQAlkGUTnw.html
Spain,PI - PhD GRANTS IN ARTIFICIAL INTELLIGENCE FOR SMART MOBILITY,https://scholarshipdb.net/scholarships-in-Spain/Pi-Ph-D-Grants-In-Artificial-Intelligence-For-Smart-Mobility-University-Of-Deusto=rCWblTW37BGUYQAlkGUTnw.html
Sweden,Doctoral students in Automatic Control (PA2022/1498),https://scholarshipdb.net/scholarships-in-Sweden/Doctoral-Students-In-Automatic-Control-Pa2022-1498-University-Of-Lund=VBH2MgfM7BGUYQAlkGUTnw.html
Sweden,PhD student in Operation and maintenance with specialization in Industrial Artificial Intelligence and eMaintenance,https://scholarshipdb.net/scholarships-in-Sweden/Ph-D-Student-In-Operation-And-Maintenance-With-Specialization-In-Industrial-Artificial-Intelligence-And-E-Maintenance-Lulea-University-Of-Technology=btIpedC37BGUYQAlkGUTnw.html
Sweden,PhD student in Scientific Computing focusing on Deep Learning for Genetic Epidemiology,https://scholarshipdb.net/scholarships-in-Sweden/Ph-D-Student-In-Scientific-Computing-Focusing-On-Deep-Learning-For-Genetic-Epidemiology-Uppsala-University=xTMTAovG7BGUYQAlkGUTnw.html
Sweden,PhD student in computer graphics and machine learning,https://scholarshipdb.net/scholarships-in-Sweden/Ph-D-Student-In-Computer-Graphics-And-Machine-Learning-Link-ping-University=Dqud1Am77BGUYQAlkGUTnw.html
Sweden,PhD students in Visualization and Media technology with focus machine learning for image generation,https://scholarshipdb.net/scholarships-in-Sweden/Ph-D-Students-In-Visualization-And-Media-Technology-With-Focus-Machine-Learning-For-Image-Generation-Link-ping-University=ivtGNTDR7BGUYQAlkGUTnw.html
Switzerland,ENAC – PhD Student in Deep Domain Adaptation for Fleet Knowledge Transfer,https://scholarshipdb.net/scholarships-in-Switzerland/Enac-Ph-D-Student-In-Deep-Domain-Adaptation-For-Fleet-Knowledge-Transfer-Epfl=rpVntGSQ7BGUYAAlkGUTnw.html
Switzerland,ENAC – PhD Student in Physics – Informed Deep Learning for System Condition Monitoring and Prediction,https://scholarshipdb.net/scholarships-in-Switzerland/Enac-Ph-D-Student-In-Physics-Informed-Deep-Learning-For-System-Condition-Monitoring-And-Prediction-Epfl=4OUEqGSQ7BGUYAAlkGUTnw.html
Switzerland,Multiple PhD Positions in Machine Learning for Healthcare (# of pos: 2),https://scholarshipdb.net/scholarships-in-Switzerland/Multiple-Ph-D-Positions-In-Machine-Learning-For-Healthcare-Of-Pos-2-University-Of-Bern=NFFFAf607BGUYQAlkGUTnw.html
Switzerland,PhD Position,https://scholarshipdb.net/scholarships-in-Switzerland/Ph-D-Position-University-Of-Basel=XmyzGdrL7BGUYQAlkGUTnw.html
Switzerland,PhD position in Physics-Informed Machine Learning for Cardiac Imaging,https://scholarshipdb.net/scholarships-in-Switzerland/Ph-D-Position-In-Physics-Informed-Machine-Learning-For-Cardiac-Imaging-Eth-Zurich=p-5-0J6q7BGUYAAlkGUTnw.html
Switzerland,PhD position in Physics-Informed Machine Learning for Cardiac Imaging,https://scholarshipdb.net/scholarships-in-Switzerland/Ph-D-Position-In-Physics-Informed-Machine-Learning-For-Cardiac-Imaging-Eth-Zurich=l1lsvHSs7BGUYQAlkGUTnw.html
Switzerland,PhD student in surgical data science and computer vision,https://scholarshipdb.net/scholarships-in-Switzerland/Ph-D-Student-In-Surgical-Data-Science-And-Computer-Vision-University-Of-Zurich=jPpVU-uj7BGUYAAlkGUTnw.html
Switzerland,PhD student medical AR and computer vision,https://scholarshipdb.net/scholarships-in-Switzerland/Ph-D-Student-Medical-Ar-And-Computer-Vision-University-Of-Zurich=TmUpTfuj7BGUYAAlkGUTnw.html
United Arab Emirates,"Research Assistant under Division of Science, Computer Science",https://scholarshipdb.net/jobs-in-United-Arab-Emirates/Research-Assistant-Under-Division-Of-Science-Computer-Science-New-York-University-Abu-Dhabi=yYOdukOn7BGUYAAlkGUTnw.html
United Kingdom,"Automated Classification and Identification of Plant Specimens of the Royal Botanic Gardens Kew Using Imaging Processing, AI and Machine Learning",https://www.findaphd.com/phds/project/automated-classification-and-identification-of-plant-specimens-of-the-royal-botanic-gardens-kew-using-imaging-processing-ai-and-machine-learning/?p144571
United Kingdom,Biological Sciences: Fully Funded PhD Scholarship: Novel machine-vision and deep-learning...,https://scholarshipdb.net/scholarships-in-United-Kingdom/Biological-Sciences-Fully-Funded-Ph-D-Scholarship-Novel-Machine-Vision-And-Deep-Learning-Swansea-University=MZgaIMqN7BGUYAAlkGUTnw.html
United Kingdom,Data-Driven Defect Detection for Additive Manufacturing”,https://www.findaphd.com/phds/project/data-driven-defect-detection-for-additive-manufacturing/?p144423
United Kingdom,Deep Learning and Partial Differential Equations,https://www.findaphd.com/phds/project/deep-learning-and-partial-differential-equations/?p138769
United Kingdom,Discovery of high-temperature superconductors using Deep Learning,https://www.findaphd.com/phds/project/discovery-of-high-temperature-superconductors-using-deep-learning/?p140230
United Kingdom,Discovery of new materials for applications on glass using Deep Machine Learning and Data Analytics,https://www.findaphd.com/phds/project/discovery-of-new-materials-for-applications-on-glass-using-deep-machine-learning-and-data-analytics/?p142079
United Kingdom,Discovery of solid state electrolytes using Deep Learning,https://www.findaphd.com/phds/project/discovery-of-solid-state-electrolytes-using-deep-learning/?p140199
United Kingdom,EPSRC DTP PhD Studentship: Building interpretable generative models of images,https://scholarshipdb.net/scholarships-in-United-Kingdom/Epsrc-Dtp-Ph-D-Studentship-Building-Interpretable-Generative-Models-Of-Images-University-Of-Sussex=0uLygSrM7BGUYQAlkGUTnw.html
United Kingdom,EPSRC/BAE Systems INDUSTRIAL CASE PhD Studentship - Mitigation of Reinforcement Learning Algorithms in Changing Environments,https://scholarshipdb.net/scholarships-in-United-Kingdom/Epsrc-Bae-Systems-Industrial-Case-Ph-D-Studentship-Mitigation-Of-Reinforcement-Learning-Algorithms-In-Changing-Environments-The-University-Of-Manchester=Nv-i4HLQ7BGUYQAlkGUTnw.html
United Kingdom,Fully Funded PhD Scholarship: Novel Machine-vision and Deep-learning Applications to Assess the Welfare of Cleaner fFsh in the Salmon Industry,https://scholarshipdb.net/scholarships-in-United-Kingdom/Fully-Funded-Ph-D-Scholarship-Novel-Machine-Vision-And-Deep-Learning-Applications-To-Assess-The-Welfare-Of-Cleaner-F-Fsh-In-The-Salmon-Industry-Swansea-University=G7RDo-mP7BGUYAAlkGUTnw.html
United Kingdom,PhD Candidate on Video Quality Assessment and Enhancement for Medical Services,https://scholarshipdb.net/scholarships-in-United-Kingdom/Ph-D-Candidate-On-Video-Quality-Assessment-And-Enhancement-For-Medical-Services-Norwegian-University-Of-Science-Technology-Ntnu=nLK80w-L7BGUYQAlkGUTnw.html
United Kingdom,PhD Studentship Opportunity: Deep learning for increasing human sketch expressivity,https://scholarshipdb.net/scholarships-in-United-Kingdom/Ph-D-Studentship-Opportunity-Deep-Learning-For-Increasing-Human-Sketch-Expressivity-University-Of-Surrey=QIi02Ny27BGUYQAlkGUTnw.html
United Kingdom,PhD Studentship Opportunity: Detection of Peripheral Artery Disease from Photoplethysmography Signals Using Machine Learning,https://scholarshipdb.net/scholarships-in-United-Kingdom/Ph-D-Studentship-Opportunity-Detection-Of-Peripheral-Artery-Disease-From-Photoplethysmography-Signals-Using-Machine-Learning-University-Of-Surrey=S22-7Omu7BGUYQAlkGUTnw.html
United Kingdom,PhD Studentship Opportunity: Machine Learning for Audio with Applications for Health and Wellbeing,https://scholarshipdb.net/scholarships-in-United-Kingdom/Ph-D-Studentship-Opportunity-Machine-Learning-For-Audio-With-Applications-For-Health-And-Wellbeing-University-Of-Surrey=S8g0ej-R7BGUYQAlkGUTnw.html
United Kingdom,PhD Studentship Opportunity: Representation Learning from Fewer Labels,https://scholarshipdb.net/scholarships-in-United-Kingdom/Ph-D-Studentship-Opportunity-Representation-Learning-From-Fewer-Labels-University-Of-Surrey=dPWFBUTF7BGUYQAlkGUTnw.html
United Kingdom,PhD Studentship in Artificial Intelligence: Conversational Recommender Systems,https://scholarshipdb.net/scholarships-in-United-Kingdom/Ph-D-Studentship-In-Artificial-Intelligence-Conversational-Recommender-Systems-Newcastle-University=Z4dQT2ib7BGUYAAlkGUTnw.html
United Kingdom,PhD Studentship in Artificial Intelligence: Conversational Recommender Systems,https://scholarshipdb.net/scholarships-in-United-Kingdom/Ph-D-Studentship-In-Artificial-Intelligence-Conversational-Recommender-Systems-Newcastle-University=Iz2W5biZ7BGUYAAlkGUTnw.html
United Kingdom,PhD Studentship in Formal Methods for Safe Artificial Intelligence,https://scholarshipdb.net/scholarships-in-United-Kingdom/Ph-D-Studentship-In-Formal-Methods-For-Safe-Artificial-Intelligence-University-Of-Birmingham=8myJpT-R7BGUYQAlkGUTnw.html
United Kingdom,PhD Studentship: Deep Learning for Hydrodynamic Modelling of Wave to Soft-Structure Interaction.,https://scholarshipdb.net/scholarships-in-United-Kingdom/Ph-D-Studentship-Deep-Learning-For-Hydrodynamic-Modelling-Of-Wave-To-Soft-Structure-Interaction-The-University-Of-Manchester=prT_Diel7BGUYAAlkGUTnw.html
United Kingdom,PhD Studentship: My World/Netflix: Deep Video Coding for AOM/AV2,https://scholarshipdb.net/scholarships-in-United-Kingdom/Ph-D-Studentship-My-World-Netflix-Deep-Video-Coding-For-Aom-Av2-University-Of-Bristol=QhADjmib7BGUYAAlkGUTnw.html
United Kingdom,PhD studentship in Formal Methods for Safe Artificial Intelligence,https://www.findaphd.com/phds/project/phd-studentship-in-formal-methods-for-safe-artificial-intelligence/?p144523
United Kingdom,PhD studentships in Efficient and Reliable Probabilistic Machine Learning,https://scholarshipdb.net/scholarships-in-United-Kingdom/Ph-D-Studentships-In-Efficient-And-Reliable-Probabilistic-Machine-Learning-The-University-Of-Edinburgh=J8gLuR-B7BGUYQAlkGUTnw.html
United Kingdom,Probabilistic programming for discovery of sustainable materials,https://www.findaphd.com/phds/project/probabilistic-programming-for-discovery-of-sustainable-materials/?p139631
United Kingdom,"Research Assistant under Division of Science, Computer Science, Prof. Djellel Difallah",https://scholarshipdb.net/jobs-in-United-Kingdom/Research-Assistant-Under-Division-Of-Science-Computer-Science-Prof-Djellel-Difallah-New-York-University-Abu-Dhabi=k9Djv-2-7BGUYQAlkGUTnw.html
United Kingdom,Research Assistant/Associate in Computational Neuroscience (Fixed Term),https://scholarshipdb.net/jobs-in-United-Kingdom/Research-Assistant-Associate-In-Computational-Neuroscience-Fixed-Term-University-Of-Cambridge=duYVLObN7BGUYQAlkGUTnw.html
United Kingdom,Research Associate,https://scholarshipdb.net/jobs-in-United-Kingdom/Anchor-Anchor-Research-Associate-Anchor-King-s-College-London=2Lvw_R2F7BGUYAAlkGUTnw.html
United Kingdom,Research Associate (Fixed Term),https://scholarshipdb.net/jobs-in-United-Kingdom/Research-Associate-Fixed-Term-University-Of-Cambridge=ahXh-rXD7BGUYQAlkGUTnw.html
United Kingdom,Research Associate in Image Analysis,https://scholarshipdb.net/jobs-in-United-Kingdom/Research-Associate-In-Image-Analysis-Imperial-College-London=61LXqezQ7BGUYQAlkGUTnw.html
United Kingdom,Security of Medical Cyber-Physical Systems,https://www.findaphd.com/phds/project/security-of-medical-cyber-physical-systems/?p137923
United Kingdom,Studentship: Sensor Fusion for Sustainable Process Technology,https://scholarshipdb.net/scholarships-in-United-Kingdom/Studentship-Sensor-Fusion-For-Sustainable-Process-Technology-University-Of-Nottingham=JLnqgL-R7BGUYQAlkGUTnw.html
United Kingdom,Studentship: Sensor Fusion for Sustainable Process Technology,https://scholarshipdb.net/scholarships-in-United-Kingdom/Studentship-Sensor-Fusion-For-Sustainable-Process-Technology-University-Of-Nottingham=iXYAKgzS7BGUYQAlkGUTnw.html
United Kingdom,XAI Health: Explainability for Artificial Intelligence (AI) in the Healthcare Sector,https://www.findaphd.com/phds/project/xai-health-explainability-for-artificial-intelligence-ai-in-the-healthcare-sector/?p144424
United States,Faculty Position in Mathematics of Earth Hazards at SMU,https://scholarshipdb.net/scholarships-in-United-States/Faculty-Position-In-Mathematics-Of-Earth-Hazards-At-Smu-Southern-Methodist-University=W2CmB87O7BGUYQAlkGUTnw.html
United States,POSTDOCTORAL ASSOCIATE,https://scholarshipdb.net/jobs-in-United-States/Postdoctoral-Associate-Duke-University=p3JewH6W7BGUYAAlkGUTnw.html
United States,POSTDOCTORAL SCHOLAR-CARDIAC MRI DEEP LEARNING,https://scholarshipdb.net/jobs-in-United-States/Postdoctoral-Scholar-Cardiac-Mri-Deep-Learning-The-University-Of-Iowa=ICt5nM2U7BGUYAAlkGUTnw.html
United States,Ph.D. student in flash drought and climate,https://scholarshipdb.net/scholarships-in-United-States/Ph-D-Student-In-Flash-Drought-And-Climate-Auburn-University=YnlpW-XE7BGUYQAlkGUTnw.html
United States,PhD position in Electrical and Computer Engineering with focus on Deep Learning and Machine Learning,https://scholarshipdb.net/scholarships-in-United-States/Ph-D-Position-In-Electrical-And-Computer-Engineering-With-Focus-On-Deep-Learning-And-Machine-Learning-The-University-Of-Alabama=Jh9gDcocYO84MoUbvpyAk5.html
